{
  "script": {
    "steps": [],
    "maxProcessedMemTableBytes": -1,
    "columnsSelection": {
      "mode": "ALL"
    },
    "columnWidthsByName": {
      "data_dte": 106,
      "Year": 100,
      "Month": 100,
      "usg_apt_id": 100,
      "usg_apt": 100,
      "usg_wac": 100,
      "fg_apt_id": 100,
      "fg_apt": 100,
      "fg_wac": 100,
      "airlineid": 100,
      "carrier": 100,
      "carriergroup": 105,
      "type": 100,
      "Scheduled": 100,
      "Charter": 100,
      "Total": 100
    },
    "coloring": {
      "scheme": "MEANING_AND_STATUS",
      "individualColumns": [],
      "valueColoringMode": "HASH"
    },
    "sorting": [],
    "analysisColumnData": {},
    "explorationSampling": {
      "selection": {
        "maxStoredBytes": 104857600,
        "filter": {
          "distinct": false,
          "enabled": false,
          "uiData": {
            "mode": "\u0026\u0026",
            "conditions": [
              {
                "input": "data_dte",
                "operator": "contains",
                "col": "Year",
                "num": 0.0
              }
            ]
          }
        },
        "partitionSelectionMethod": "ALL",
        "latestPartitionsN": 1,
        "ordering": {
          "enabled": false,
          "rules": []
        },
        "samplingMethod": "HEAD_SEQUENTIAL",
        "maxRecords": 10000,
        "targetRatio": 0.02,
        "withinFirstN": -1,
        "maxReadUncompressedBytes": -1
      },
      "autoRefreshSample": false,
      "_refreshTrigger": 1
    },
    "vizSampling": {
      "autoRefreshSample": false,
      "_refreshTrigger": 0
    },
    "exploreUIParams": {
      "autoRefresh": true
    },
    "globalSearchQuery": "",
    "explorationFilters": [],
    "previewMode": "ALL_ROWS"
  },
  "charts": []
}